user_id,nickname,profile_image_url,review_count
u001,지현빵순이,https://res.cloudinary.com/breadjourney/image/upload/v1/profiles/profile2.jpg,30
u002,민수단팥러버,https://res.cloudinary.com/breadjourney/image/upload/v1/profiles/profile3.jpg,38
u003,서연스콘덕후,https://res.cloudinary.com/breadjourney/image/upload/v1/profiles/profile4.jpg,30
u004,정웅스콘덕후,https://res.cloudinary.com/breadjourney/image/upload/v1/profiles/profile5.jpg,13
u005,준호스콘덕후,https://res.cloudinary.com/breadjourney/image/upload/v1/profiles/profile6.jpg,24
u006,정식단팥러버,https://res.cloudinary.com/breadjourney/image/upload/v1/profiles/profile7.jpg,10
u007,미영단팥러버,https://res.cloudinary.com/breadjourney/image/upload/v1/profiles/profile8.jpg,14
u008,은경빵순이,https://res.cloudinary.com/breadjourney/image/upload/v1/profiles/profile9.jpg,6
u009,민지크로플러,https://res.cloudinary.com/breadjourney/image/upload/v1/profiles/profile10.jpg,25
u010,진우크로플러,https://res.cloudinary.com/breadjourney/image/upload/v1/profiles/profile1.jpg,34
u011,정훈스콘덕후,https://res.cloudinary.com/breadjourney/image/upload/v1/profiles/profile2.jpg,24
u012,예지빵순이,https://res.cloudinary.com/breadjourney/image/upload/v1/profiles/profile3.jpg,29
u013,예진크로플러,https://res.cloudinary.com/breadjourney/image/upload/v1/profiles/profile4.jpg,19
u014,재호단팥러버,https://res.cloudinary.com/breadjourney/image/upload/v1/profiles/profile5.jpg,31
u015,시우크로플러,https://res.cloudinary.com/breadjourney/image/upload/v1/profiles/profile6.jpg,34
u016,혜진스콘덕후,https://res.cloudinary.com/breadjourney/image/upload/v1/profiles/profile7.jpg,11
u017,영수단팥러버,https://res.cloudinary.com/breadjourney/image/upload/v1/profiles/profile8.jpg,35
u018,현준크로플러,https://res.cloudinary.com/breadjourney/image/upload/v1/profiles/profile9.jpg,39
u019,영일빵순이,https://res.cloudinary.com/breadjourney/image/upload/v1/profiles/profile10.jpg,15
u020,영철빵순이,https://res.cloudinary.com/breadjourney/image/upload/v1/profiles/profile1.jpg,22